[
    {
        "id": 1,
        "letraCurso": "a",
        "img": "/fotos-cursos/4a/1.jpg",
        "img2": "/fotos-cursos/4a/1k.jpg",
        "nombre": "Profe 1",
        "desc": "Nuestra compañera Fernanda, llegó al colegio en pre-kinder, desde pequeña ha mostrado su forma de ser a todas las personas que la rodean, transmite su energía a quien se le pase por delante. Feñita es una persona con quien puedes contar para todo, siempre intentará ayudarte cuando lo necesites. Su carisma y buena onda es lo que más resalta en ella. Día a día le brinda honores a su apellido, demostrando siempre alegría en todo lugar. Esperamos que todo lo que te propongas en el futuro, pueda ser cumplido, éxito en todo lo que hagas. Te queremos mucho Feñita<333",
        "apodo": "Feña, Feñoña, Feñita, Fe, Chaparrón, Alegría, Fer, la chiquitita, ñaña",
        "regaloutil": "Café, Monster, Sushi, poleron 3 tallas más grandes que ella, delineador, brillitos, esmaltes, un klein de la coni",
        "frasetipica": "“ahh” (grito inesperado), “wn, es muy lindoo”, “me enamoré”, “plch”, “vamos al baño”, “tengo hambre”.",
        "deseofrustrado": "Encontrar su deporte favorito, ser deportista, ser cantante, enamorarse",
        "conocidopor": "Ser amiga de todos, enamorarse de todos, su apellido, ser bonita",
        "hobbie": "Escuchar música, sacarse fotos con la lengua afuera, salir, caminar, ver memes, jugar voley, ir a clases de baile, ir a la plaza despues del colegio, pintarse las uñas",
        "amorplatonico": "Carlitos (3ro D), Joaquín (ICT), Bruno Cáceres (egresado), Puvlento (externo) Carlitos (1ro C) Vicho Canales (externo) Joako (PA) hijo del profe David (3ro C), entre otros….",
        "vidaamorosa": "Brian Olivo (San Javier) 2 años de relación, por siempre<333",
        "mejortalla": "Un día viernes de alianza estando todos los estudiantes estresados, entra a nuestra sala muy feliz con un juguito y galletas bajo su brazo, diciendo <esto es para ustedes queridos estudiantes disfruten mucho estas galletitas y este día.> Luego de esto se retiro y esto provocó ternura en la mayoría de los estudiantes presentes. Otra anécdota es que estando en pandemia para presentarse en cada clase colocaba una escala de estado de ánimo de gatito y se daba el tiempo de preguntarnos uno por uno como estábamos y nos sentíamos y esto cautivó nuestros corazones y empezamos a tenerle un cariño especial."
    },
    {
        "id": 2,
        "letraCurso": "a",
        "img": "/fotos-cursos/4a/2.jpg",
        "img2": "/fotos-cursos/4a/2k.jpg",
        "nombre": "Profe 2",
        "desc": "Nuestra compañera Fernanda, llegó al colegio en pre-kinder, desde pequeña ha mostrado su forma de ser a todas las personas que la rodean, transmite su energía a quien se le pase por delante. Feñita es una persona con quien puedes contar para todo, siempre intentará ayudarte cuando lo necesites. Su carisma y buena onda es lo que más resalta en ella. Día a día le brinda honores a su apellido, demostrando siempre alegría en todo lugar. Esperamos que todo lo que te propongas en el futuro, pueda ser cumplido, éxito en todo lo que hagas. Te queremos mucho Feñita<333",
        "apodo": "Feña, Feñoña, Feñita, Fe, Chaparrón, Alegría, Fer, la chiquitita, ñaña",
        "regaloutil": "Café, Monster, Sushi, poleron 3 tallas más grandes que ella, delineador, brillitos, esmaltes, un klein de la coni",
        "frasetipica": "“ahh” (grito inesperado), “wn, es muy lindoo”, “me enamoré”, “plch”, “vamos al baño”, “tengo hambre”.",
        "deseofrustrado": "Encontrar su deporte favorito, ser deportista, ser cantante, enamorarse",
        "conocidopor": "Ser amiga de todos, enamorarse de todos, su apellido, ser bonita",
        "hobbie": "Escuchar música, sacarse fotos con la lengua afuera, salir, caminar, ver memes, jugar voley, ir a clases de baile, ir a la plaza despues del colegio, pintarse las uñas",
        "amorplatonico": "Carlitos (3ro D), Joaquín (ICT), Bruno Cáceres (egresado), Puvlento (externo) Carlitos (1ro C) Vicho Canales (externo) Joako (PA) hijo del profe David (3ro C), entre otros….",
        "vidaamorosa": "Brian Olivo (San Javier) 2 años de relación, por siempre<333",
        "mejortalla": "Un día viernes de alianza estando todos los estudiantes estresados, entra a nuestra sala muy feliz con un juguito y galletas bajo su brazo, diciendo <esto es para ustedes queridos estudiantes disfruten mucho estas galletitas y este día.> Luego de esto se retiro y esto provocó ternura en la mayoría de los estudiantes presentes. Otra anécdota es que estando en pandemia para presentarse en cada clase colocaba una escala de estado de ánimo de gatito y se daba el tiempo de preguntarnos uno por uno como estábamos y nos sentíamos y esto cautivó nuestros corazones y empezamos a tenerle un cariño especial."
    }
]